id,name
7db80e4b-d2b1-4b20-91e8-e1bb4b069beb,Eric Young
634be31f-28a6-4514-91b4-99eea7007e28,William Joyce
98c414d4-7389-4b4a-b496-7362db05118d,Christy Acosta
5aa062e3-cf2d-427e-acc1-d9b2703a031f,Richard Pitts
5507fb20-7d04-4515-b3ab-f22b4b0f27f8,Susan Lara
caa08d3e-d41b-49d3-b281-90ceea728600,Eric Francis
96711a70-b1f7-43d5-bade-4e48d99540e6,Kathryn Day
dc59364b-0461-4104-bc3e-13752a5729c6,Christina Roberts
71582cba-b7fe-4dbc-a1d5-7817abcc4baa,Daniel Cuevas
aac1eda1-1ae0-4852-a731-b560d44587b7,Aaron Williams
ce27c1f1-87b4-4bb3-bcfa-fdd33c466aaf,Samuel Stout
b27b0491-0990-41f5-b1ad-1ecd99753347,Christopher Graham
5b3accd8-1bbc-4e79-9a66-b066e55c956b,David Hanson
fffa17ac-d11b-4832-b402-37148fe51791,John Gilbert
e94fd9e0-329b-48ae-8d17-982a7fcc835e,Erica Walker
a25c4bb2-9c0d-479c-b794-cbabccc247ec,Joshua Turner
99c66e10-5a3d-4ed9-abf3-60ba04dcda25,Maria Adams
b9dac5f1-37ec-4dea-9a95-507bcab4f671,Brittany Turner
0b48a08c-7fd4-4886-b050-9b0230608816,Brittany Johnson
c00959da-651b-4278-b8e9-206bb60ec8b6,William Diaz
055c710c-4d6a-43cb-a638-90131fd2b4ee,Kristin Mcintyre
f90f66df-09dc-41e5-9874-a9135030ca6a,Jenny Harrell
5553e38f-ee28-4f86-8486-541ae3529eb5,Stephanie Hanna
de1fb48b-4fb3-4b76-a2fd-88f37fdd83d5,Harold Jacobson
53c1b52b-1f2d-4fbd-9b4b-d705c77c0bab,Ruben Bennett
979fd5e1-90d9-4a5b-9811-4e32b54ece8f,Michael Dean
93b7583d-8d80-4c18-b7e4-970e9fa3bf96,Brett Allen
00411825-3629-46c5-9bbc-5c8a94e95005,Connor Hernandez
a7489f6c-b1d7-4bf5-b416-212fa3c23771,Michael Figueroa
0e07b950-f9ec-457a-b93b-a3b025c14f48,Patrick Walls
2bc62882-19e5-4369-b364-d3629ba324dd,Megan Forbes
cb81fa53-f221-4375-bf83-4fc42241e6c8,Matthew Stewart
fcef3126-9644-486e-8098-0c13e86f3d4a,Katelyn Thornton
32857b49-c91c-4d9d-9831-5ed8f4dcae4a,Michael Williams
15b2d5f7-d0a7-4193-9ba8-c1d042b35d4c,Jesse Moore
61e17562-e7aa-42f5-999f-5d352f11e50a,Kristen Mack
de6d4f68-b709-4c83-8b0a-40001446d20f,Alexandria Jarvis
a4fe400d-4b4b-400c-b5c5-75129a09da29,Alicia Webster
e159f4df-b49e-4065-be32-c38e5026684f,Maria Cherry
41b32138-af0a-4715-b263-a231d8658f83,Allison Harris
f179b8cc-0f08-4fd7-9831-e48eb5427181,Misty Lee
42eb6678-e28b-4a74-8835-2b1005b51bf3,Daniel Mendoza
34f69000-5870-4eb5-a923-1c3ade957c6d,Carlos Bass Jr.
9748ebc9-d35d-49ae-9a8a-c3200ac4cc3a,Beverly Parker
0c46769c-b8b9-4298-8995-a5ea4faf2ae0,Alexander Burke
3e1bf387-49a0-432a-8b0a-8b5ae013b9c6,John Marshall
02545781-734c-4370-8268-eba1e2b89f23,Victor Ramos
f2c20215-1c61-4e82-8e3d-7ab280248c2a,Jennifer Erickson
f1103cd9-350e-4de1-a56c-49071a9d5e7a,Christopher Hart
48ae15f3-03ed-4c56-99f4-5228f9a21dbf,Sean Koch
030825d8-a089-4bf8-94b3-fc7868875795,Michele Allen
82ab212d-f64c-414a-948e-32ab6be73511,Cassidy Gaines
7a3b71cf-d58d-4cab-921a-af2b5bab3012,Dana Smith
cfaf2368-d5a7-4d54-a1fc-2cbed33dda30,Jessica Lewis
75b643cd-6a56-45f2-97b1-4c02257016dc,James Gutierrez
2b97f0b7-884a-4677-97f9-bce9f5ee28a7,Kyle Martin
4c2bd8d3-9102-4723-84d7-ff8cee35d668,Nicole Jackson
462bbc5a-6459-4b37-b882-ba78c01db2b8,Amy Ford
bf2e2628-f65e-4580-9e4a-058ebdb3bb01,Lydia Knapp
74ef7cd5-db3c-46f3-99d5-5322c10dc654,Dana Gentry
387c1bef-01ed-46cd-970b-781559d7c7a7,Shelby Morales
1e54cf97-8283-41f0-957d-a832cfcbfb66,Cathy Castillo
b9809f2a-84b8-4ff2-9123-76ca001a342a,Nichole Garcia
3e8b1f14-6444-4728-a6b7-678daa47880d,Joseph Griffin
7aa6ce01-fa26-4956-8f3d-c2d14086fe80,Douglas Hill
d23737a8-be33-4c33-ac41-bd98065e0fc9,Katherine Odom
9dfe3689-8a9a-4c7a-aa22-7283ed956c21,Melanie Pena
17da787c-77ee-481b-86f9-7c6db921b48d,Deborah Morgan
56161a51-36f2-4d96-ab50-2f05d7f68322,Susan Maxwell
ed91e33c-dcc1-493e-8d35-c34400aec69e,Angela Armstrong
b0bb8af1-94fb-4947-be71-027ba25a8e1f,Latoya Harrison
1a3560d8-5366-4026-8156-d845052c9dd7,Sandra Dixon
311fcb3c-8b0e-4c41-967d-84bedcb900cb,Stephen Robbins
0aa5af25-cfea-40fd-94e0-ff8e8a17b00e,Michelle Gaines
7dc5ff2d-3514-439b-b84d-b5e05c04d2d7,Nicole Martin
cf18de21-ef55-4c0e-b32f-a98c136d9df3,Kelly Bennett
6aee40ca-8a16-4709-9ce0-a7acaa6eddb7,Jennifer Singh
2945251f-d8a7-43b9-9568-c0028b5cee96,Scott Reyes
dc538e8e-38ce-4984-9ea8-7723a319186c,Timothy Meyers
bbbbd0c1-4e43-4bec-a733-329f11a0bf35,Kelly Holmes
8a1cca58-f686-4112-a5e8-bff9e565e57f,Matthew Schmidt
17c827e7-572d-49d0-929c-3211c357d6aa,John Hall
ec359432-22d2-4c4b-a264-6194d39d1395,Micheal Ross
68ffd662-0df3-465f-9d32-318950e5c854,Julie Dixon
46f4890f-3359-44eb-8c12-d44cf8ff7d33,Robert Black
10ed4c2e-53b2-4ebd-bfbb-790e27c73b07,Jonathan Graham
2ed42b16-f3a9-4239-9f1a-1a63d51cd8e1,Emma Mitchell
f5cb4f8f-4551-451c-9bcd-0a70d55d8154,Charles Waters
cad0b61c-971d-4dc6-b207-cce084d602e0,Elizabeth Miller
94a57d2c-7394-467f-b822-dce08a4e4525,Patrick Shields
5d3021f4-a64e-46c3-ba6e-3cced46f2805,Ernest Bowers
e281bf30-f751-4c86-b2dc-4340612ef658,Jay Cruz
acf20c26-dae5-4897-8e8a-54ebd43215fe,Troy Henry
de7e1f55-5d22-489a-ba9f-5d1f756315dc,Erin Lucas
4d961866-3275-45ec-8467-f9f1f7b5ec33,Matthew Dawson
fabfac1c-b559-4d0f-8b1b-6b881db1aaea,Dr. Matthew Hancock
f2a8e91a-536d-4762-9658-9335d7edc0e9,Ashley Santiago
a4bbd9c8-573c-439e-beda-8b91742f176c,Brenda Hall
f3da2af6-462f-484d-aaa7-1923208507ca,Dylan Lopez
13422e28-6502-4888-ae41-bd800c0f190b,Patricia Dickerson
9bb60eac-6320-4c5b-a74b-70cbbdd080bf,Jacqueline Pineda
fb2c80a1-d176-4dfa-9bf3-7db2da7e3539,Mrs. Hannah Figueroa
0ac6c826-e1ae-4722-9653-e360fa394642,Leslie Conner
4eba0c5a-263b-4764-aa41-f7d44c9df0dc,Robert Lang
c56d06cf-7ab5-41cd-ad37-81ec0685257d,John Simmons II
e7ace485-384b-453c-afc2-779ff4c72494,Christian Fernandez
4f66f2ad-fa99-4641-b2bf-b61df9893f06,Maria Cook
8d77f94f-8bea-453f-8ee5-9ecd5041960a,Bonnie Jones
14bbb615-240c-46a5-aca6-72ac44c236a3,George Garcia
06bc370d-e6db-4d9a-8ea9-00be010d798d,Suzanne Farley
2856329f-9151-4824-a2cf-312a7f5f243f,Rodney Gonzalez
bd68d5bb-4c8b-4147-a2c0-ef1f9214dc27,Christopher Hall
95d70a74-4781-48a4-9117-9df293240aeb,Heidi Randall
b41e4e17-2587-48ab-a6ad-d5e70c2cf9ed,Christopher Ellis
6dee6292-446b-4a71-8321-e330db5d8506,Victor Hall
01571f6c-7749-42e4-b013-d8efc56dd447,Yesenia Mcknight
a81043e8-f5c3-4b37-823c-85298007b465,Laura Hernandez
10187660-4bd0-4e8e-814a-03023f2c5075,Renee Gibson
b4eb3db6-1e2b-4352-9e18-f56b6b1e108d,Kristin Frank
6033fb23-449e-48bd-85de-e7a72584a1d4,Jessica James
50d4c5e5-517c-493a-b673-7e8b48ba3409,Shirley Stone
3df46658-52bd-4818-be8c-92f076454da6,Vanessa Howell
60029c4c-7610-4d16-8f29-9a400993ecb9,Lisa Ramirez
edfa01db-8a89-4f96-bc41-83c0f21739e0,Mary Kim
6adcc9a5-95e4-45ee-8e7d-a810984f7481,Sandra Duncan
c841cbc4-3538-432b-8e01-bbf97fb319d2,Corey Calhoun
ff5a218d-b741-45cf-b78f-fff61f6cdccf,Matthew Bryan
1c83a6d8-9fc4-4ac4-8ab3-6a9ef135bc02,Karen Obrien
b36f772c-e55d-42d7-bd91-d181a8193bfc,Craig Owens
38a4d8b8-211d-499b-a9c1-6ec1c574742a,Scott Perkins
2ad92aa4-f8ac-4265-b7f9-53b80da718f4,Ashley Roberts
c330a937-854d-412c-ae71-4fa1f4231f97,Joseph Fletcher
235cb93c-b813-440c-b5e7-861d9f1b1994,Arthur Evans
a4d1114e-3f64-4bb0-b487-ae46306c1b25,Dr. Shannon Carter
2052819f-2b2d-448a-ac07-5a5909a34f28,Danielle Lewis
93d8d4ff-cb84-4211-a883-0ecf5bbea2bc,Molly Smith
17f883d1-92dc-486a-a951-f56822f91834,Sarah Thomas
474bc419-2b96-4fe4-aa39-af915058c525,Calvin Mccullough
df5d0e61-6a85-436a-848c-f4393a78a35e,Joseph Adkins
1e2d0d87-d17e-473e-bb3a-2d5cffcd28f1,Traci Landry
6dc4e90b-2e54-424f-aadc-57e0af0ac7f1,Dale Colon
612bdf6c-5798-4c68-8254-dda46dfac8ff,Taylor Thomas
bf479667-9d9f-4019-a19b-32037b66072c,Sonya Moore
d86624e7-dd71-49af-a59c-1e4e525b86ae,Michael Lucero
d417574c-dc8b-41bb-b5f2-9cc79e2fbb80,Stacy Ibarra
10a0fe49-f9a1-4b60-894c-51fc296eaacf,Donald Weber
b35f93c2-4e53-4954-81cd-614b9acc41f8,Rhonda Small
5f0bbf9a-5c4a-40f4-8c89-701d54951e01,Christopher Schmidt
74ace588-69a4-4201-abe9-7ed1b3414333,Seth Frazier
db654c30-70d6-4b20-a1e8-0dd51fa5b9e3,Brendan Hawkins
9f55e0f9-81f5-4de6-bfe0-7f33d36d4c4f,Debra Simmons
5ba3e44c-9a02-47ff-8915-b6df4b7079e0,Gerald Odom
e9f72f90-69ec-4696-a8f2-dfe2fa2cc747,Rebecca Carr
3c853024-d411-4c8d-a82b-5f72bcdc47d6,Brandon Roy
d2c4414c-868e-4e65-8d78-125a17d0b248,Dr. Melissa Russell
ac0e17d7-c0ef-4004-821f-f245e14267ab,Sara Henderson
0771b8c2-aa38-4d23-9a19-ba28cbd33bc5,Brian Velasquez
32f751ce-c170-4576-ab79-ba5fa8602ed9,Ronnie Anderson
907615f6-fa82-4006-8901-b3fed3c2d6a7,Stephen Barton
9446caa2-d55b-479d-abc9-6cfca2b2d1dc,Darryl Green
4f1c79be-2420-453a-8cb4-0f7ae87e9be3,Kaitlin Hall
6405d74b-25e6-495b-9588-f425882da7e2,Sara Potter
8f641f66-35dd-41de-9cc9-895d7b07ad02,Erin Flores PhD
2af725da-60d5-425b-9fa5-41f80c934a30,Courtney Harrison
561d24f4-ccf9-4e95-a052-79bc5c6f5598,Shelly Benitez
0041e6be-71b4-4965-b619-46cf532d9e7e,David Webb
f2b005f1-5223-421a-82c1-6fa0b2b3b13f,George Cross DDS
d0122996-f1f1-4b7e-b9fb-fcd31064e575,Emily Anderson
96bf212b-3f60-4773-af1e-00a476928aa4,Barbara Jefferson
f277dc8f-10e7-4f00-a144-1a436fb9777a,Karen Freeman
69dae4c5-7836-4e3e-b0c1-31adf4eea677,Scott Jones
c6477fa3-399f-41d2-b5dd-140ff9256f97,Andrew George
8371ea96-8271-462c-8e42-bf010703e5c6,Connie Collins
b247a77f-8e5d-41bb-bd71-916ec52e9dd1,Debra Morrison
fcf5702e-7bb5-4ae8-8042-77c002c01b11,Kristina Snow
bcfd0f35-2b38-45b0-9ac6-1ea0e1bde775,Susan Phillips
5355b524-1abb-4ece-a3a8-1b3c55a18fc4,Donald Diaz
fe6e1caa-eae4-43a0-a751-42eeb5f80f2d,Shelby Ray
f3288880-9f42-496d-818b-75ae91939e7d,Jessica Thomas
99599cec-b0c0-4ae8-b63c-2b0e082c7260,Susan Mann
443256b2-0490-46fa-a088-98cde1d68d3f,Brandy Ford
94ac3034-c324-406a-a154-176fb9205929,Brian Clark
278268cf-389f-4379-bec8-122a6143d6e4,Cameron Smith
71027812-4493-44bf-9be3-6dd42d223b02,Nancy Rodriguez
30ac56ab-f851-4ea5-be79-a397fac36465,Jade Martinez
d68c48f5-30cb-4e5c-8ef9-d30ceebc6550,Jacob Brown
6dc89922-d51d-41cb-a046-2c9baa1fd766,Elizabeth Shea
3c3643c1-d1d8-4eef-b673-b873a44f28af,Timothy Waller
83f9c8b0-12a1-4fbb-87cd-70ca752dba74,Zachary Holland MD
4cd79ae5-5893-4cab-8e9a-00591a5b33ff,Christopher Villa
1171f6b0-8dc0-4337-aed8-b2e8da8d580f,Kaitlyn Allen
b91a9942-42a6-4106-af47-75580b886e20,Megan Wyatt
fe55a290-210d-4463-a298-8d996c157369,Katherine Griffin
b5eb56e8-c395-44dc-ae74-cafed713cd41,Derek Marshall
54902d3d-7ea3-4083-bc52-0603f49558ef,Sarah Haney
0b9cf6d5-b9b4-4fce-9f91-9029861c50ee,Jose Fox
91c20bcc-030b-4db3-98ef-6ceed213973c,Dr. David Murphy
715157fd-44e6-4bd5-a740-cba28cc66a51,Vanessa Schmidt
7adb888e-7198-4dc8-b4e4-6947b4a0ea98,Michael Gallegos
035caa5a-84d8-45d9-9a00-7e156493449a,William James
1139e3ca-19fd-4603-918b-c75efb6ee1bd,Todd Burton
4700a45d-a30b-4db3-8393-e94b3982b1d2,Jonathan Arroyo
4ab8fcff-d06d-4136-8918-b1ebed23e2b5,Tyrone Ryan
9c103144-35ff-4ae0-b9f1-e720a7b067b6,Brandy Harrington
681ca121-ff2f-437b-ad1b-dd612e719c28,Allen Nolan
01dbd81a-242c-4b56-acb8-8f5a21a0412a,Joy Peterson
25412201-1af5-4153-a44b-383d7dac6a0d,William Davis
9bebd984-57aa-46de-9f62-bdf7d7670bb4,Larry Gilmore
be86d82b-b431-4d05-8190-7bf5496ca7e6,Jeanette Johnson
2d62c506-66f0-40aa-b78b-3c674e461b84,Gerald Hicks
28a53b27-982e-4271-be8e-b699e0b39d0b,George Moore
0962e37d-2f9a-4d2e-b943-2051affd9ceb,Justin Chambers
338ed4c8-fb25-41e8-a8bb-26649ab034ed,Jessica Richard
c15e6038-8639-4ab3-a1cb-9eadd2cc46f5,Stephen Archer
b8316ddc-8d37-4b1d-a500-93084035c092,Kristina Smith
e0cd3eb5-775f-4999-b1e1-cd06dbe6573c,April Curtis
f0ab0167-628f-47ac-ac90-9ceca0bcee37,Lauren Love
bb0ddb52-cacb-4870-874c-a9b01d2140f0,Richard Hayes
7da2cec1-543e-4e5f-b5d3-32f6ca2caa17,Travis Johnson
1150d308-cfb5-45b7-914c-588107431b90,Robin Sanders
ea1e000b-167f-4592-bec7-e96ac881ae00,Andrea Randall
09ae6e96-e4b5-45c4-b6f8-de03c9c8f898,Christopher Barnes
fb13a529-3b41-4431-b682-b5670f20a42b,Kenneth Moore
bd5a8cf4-a35b-4c2e-aa0c-f3b4ac707d5f,David Garrett
d58d283f-e5e8-4680-a4d1-7d2df31455ab,Latoya Garza
2094e27a-474f-4a54-acec-201e2c32bc67,Jessica Taylor
7b75dc12-3dcd-4ddf-ab9e-fc42139c52d5,Traci Maddox
282582bf-ff92-4fa9-9523-de17fa79f990,Vincent Clark
fc35fd9f-7bac-4d81-a428-6e366f77ce50,Steven Flores
f90f66f3-2df9-47d8-8ba3-fedcccf0e205,Monica Shepard
0dac5f10-531a-402d-8c24-b19347864310,John Simmons
4a53cc47-4118-4160-9e2f-c49657f13ca3,Amanda Johnson
efcab46d-2b09-4066-a046-13c38d4ba7b6,Brad Williamson
3f9c1b11-b31f-4dd1-b368-9442ff329f94,William Johnson
a86e4ef0-5170-4ec6-816b-06ffdaa77a7e,Julie Robinson
28b79c86-9a1d-435c-9d14-b16afed5e61f,Brad Hogan
6e83f2f4-68ef-4151-b188-1d563336bbc5,Cynthia Alvarez
1c6837f4-f433-4295-9b81-c0ec3688b807,Amanda Hill
d33c29e7-4387-44c9-96a0-206d113ad6ce,Omar Tyler
6614e3ec-ca8b-4980-a3ab-f887ce468e72,Brenda Kent
4a47e3fc-4c39-43f2-9eb7-d0a83e3a62f8,Brandon Hill
74f172ad-b6bc-460a-8b50-64c5c69eab02,Kimberly Schneider
652a613b-6456-4b68-9193-a086bf625351,Donald Thomas
fdc1e4c2-0da3-4d83-ad38-dd42f2772f65,Teresa Lambert
36be858b-b48c-4092-91f4-a4af889fb9c0,Anthony Dickson
77088e0d-785d-4f98-b40d-ce6de827a92f,Joseph Boyer
59dcf1a9-9adc-4895-a662-992639d0ece7,Shirley Guerrero
6212f80c-7d88-4863-b8c7-3c92a5dfee57,Diane Davis
c7d70de0-7d87-4a1a-aa17-e023fe603bcf,Margaret Bass
188979ec-267c-408f-bb60-2379efebbf3d,Maria Moon
e6a577b4-c5ae-44bb-b7b2-628f9d8718cd,Brittany Rodriguez
fee7fa27-38d9-444c-af85-3c1f51d948be,Nancy Hernandez MD
c9cb6f76-f230-48fc-aa29-fccb47e993b3,Lori Chavez
f5556312-b2c9-4263-a17a-a688ccf256f3,Casey Martinez
8f55d6b3-e1b4-453d-b413-9c1bab024928,Benjamin Brooks
55578323-d8b0-45a3-8694-c984add7721f,Mr. Adam Carey
5af136be-29c1-4887-9bd3-ffa1c51f4996,James Stuart
5eb35345-7879-45de-aa1d-f83e451e326a,Alex Rosales
b184df0d-60ca-4df5-8c76-336bc940a155,Jon Heath
2af7ad3a-d3e4-4fbb-bde6-2adf079570a4,Amy Wolf
3f398a91-c570-4de0-a880-56c9b90af8a4,Sean Manning
df8cc2f6-142d-434c-a751-012ec95ccfb7,Kevin Hardy
6772723e-e0b4-4aeb-9e2a-77e317739cb5,Alexander Garner
127596e2-5c07-4409-ac67-5339c4a5b626,Lisa Lewis
d9e693bc-28d3-43a1-b99c-afc180409547,Mary Gillespie
607ca0b3-3278-4ef5-8767-f3b9250011ef,Cameron Martin
62fa7229-0c27-43b7-a460-dfa13aea0d8d,Jasmine Murray
12d2d21b-b4a6-4863-b19e-535712a7f03a,Sydney Wise
f3766f19-cdbb-45a9-9561-264599dfb8a8,Lisa Lopez
da792d77-460d-4053-9c2a-bfe7e2eb7197,Misty Reed
04a7e546-34c3-4fef-a972-d48958a540a9,Tammy Watson
934d8d94-a315-44df-81ff-9227e0a94ae5,Karina Zimmerman
60d4a74f-a448-40be-ae42-68b291b52bec,Charles Bolton
bac1957f-a156-4daa-bbbd-5c0204de9aed,Melody Wright
c18ce3a3-a6e8-4a28-a6ef-cdd6222b21ca,Tamara Hinton
72875c8a-30d8-4f80-b84e-545b78e2402e,Erin Rodriguez
26910978-e082-4e32-8e3d-8f219b89cec8,John Price
d5c9e8f9-79d4-4101-8ddb-b1305cec8a08,John Norris
0919a361-baa2-4dbb-bac6-5cf74c4cbb76,Francisco Parker
21486e59-9c2c-4c78-8207-36c28cb4afb8,Edward Ortiz
a66f4bde-af01-4e82-958a-cfca75e50072,Jessica Bauer
64779d63-7854-4335-937f-c4b3cbce3f62,Kim Moore
f7b12b67-e093-4fd5-9ec7-0fa21e3a0703,Dana Mcdowell
f05dc0a4-0b6a-4ec0-b595-a5b8e6266055,Angela James
1bd3b6dd-a986-4f00-bb35-90a6692408f8,Allison Oliver
7c685d89-8e36-4bbd-972a-9bafd7217bd4,Angela Huffman
67d8896c-5028-48e2-b62a-ceeca912c3e9,Wesley Jenkins
7d093faa-ef10-4b1b-9ef0-57cc9990e376,Kevin Castro
e4d5ad2b-6649-463b-b892-e43bb8424da7,Abigail Lindsey
16763f9e-34ec-4d2d-b054-093b32539e1f,Angela Stephens
37a239e4-ca29-455b-95e4-21a59802f4fd,Sean Carter
294aaa2d-122c-4d3d-9244-afe6568475e3,Robert Lee
b499de87-5831-4781-812b-785d90d7efb4,Kristen Ramirez
1fabf1f6-98e1-432a-88ee-9edfe5568102,Dylan Carrillo
a7bd63d8-f8f3-4350-a2e8-3e8819c07f36,John Brewer
906a3b57-ce4a-42b7-a2c2-bcf6da556145,Joshua Mann
91a6114e-0060-4225-a3ec-3d4030d01019,Michael Cobb
897f27ea-0967-43e0-aa06-05716640ff3b,Michelle Wiggins
18e525a7-20f1-4a88-a218-acef03278a19,Stephanie Love
233f9758-960a-43c3-ac4c-28311e19ad16,Kevin Martinez
120f5fc2-446f-4309-8792-da92d3d503d5,Michael Bryant
bbc8ad47-b300-40f5-901b-e8c228e14046,Mr. Matthew Meyer
bef26692-bcdf-4da0-9989-481b018498b3,Miranda Dixon
cc86d13c-a853-4095-ad51-2d88c737bc37,Lisa Mason
271c4159-66a5-4437-989b-150d10706059,Veronica Garcia
ec863798-6286-44b5-8124-941b9357de7c,Terry Rice
0cc068fa-093d-40e4-907e-8b12a3ba76b6,Barbara Koch
9907191e-5e8a-455e-89fb-829ecd9be39f,Alicia Huerta
b487f31d-0bba-4d4d-ad41-e0b7d322bdd6,Kevin Graham
e256e0de-9db3-4641-80ba-a0fbc916fb1c,Danielle Weaver
1a8c8e55-19d3-4b88-82a0-fa0ace481d67,Alyssa Martinez
c6996c2f-80a2-48a2-bfd6-d55d476e6f02,William Oneill
bda59f14-b73b-4575-b4d4-799c7433e1da,Carly Harris
e1260820-2dcf-4d8d-a3b0-c4ed2af96375,Jeffrey Silva
1a5bf693-a71c-4782-8833-f56c836439df,Justin Leon
44ba752b-c562-4650-9fc6-342ac8f180dc,Chad Walsh
51167eab-b1b6-438a-80d9-41c4559ed077,Amber White
0b6bdf63-df00-4373-9a4b-d7c1e85c02bb,Alexis Graham
3afcd0fc-2b3e-46a9-b92c-5eea91b9ef37,Cynthia Owens
0552a6d4-6479-4ad5-895f-000694262b70,Ann Dennis
e3c13d4a-8a16-4e81-9b4e-618a462a3618,Cindy Adams
a26bb9a7-7208-48df-a52e-eef7dc7cfd68,Brandon Shannon
4260ad2a-f286-4f68-8c6b-cacdd0e0fc65,Dr. Chad Chavez
868da0b6-b8f9-4589-a759-ec696de39017,Sharon Sawyer
5cb205e8-aa5f-4da6-acc5-67a9b86cafac,Jessica Robinson
16cef911-1870-4d84-a2b5-f3ceb97e173a,Amber Franklin
c1e137ce-8be2-4e65-85d7-7e7fefc07d4b,Cheryl Campos
a1024780-b37e-4b95-8714-81327aa32420,Jerry Thompson II
3592db94-e627-4070-ad68-ed8ea112f912,Lindsey Ellison
0a40e5f9-b3d9-4e96-890e-6a095dd2727a,Frederick Wiggins
dc1ba605-68e1-42b9-9d68-cf6ac892763d,Shane Yates
277549ad-7e63-4a97-90fb-bd95225a1691,Theodore Anderson
a802b473-ade0-4040-8df9-8018163c2500,Samantha Kemp
710f8039-7f6c-482a-9d3f-2e735383c3cf,Chase Garcia
65899d5f-880f-4189-aa62-3f3a8642ed4b,Jaime Hester
8b18ef51-a9e5-4b0d-8ad5-710af478d7d5,Robert Torres
edc3ca68-690c-4dae-b45a-649670daba72,Kayla Brooks
34adceda-690b-4bbc-849c-11b8eae1bae0,Melissa Harris
8521de3c-a727-4f15-9a4f-b0331cd6e148,Diana Webster
237f49b9-3bef-4369-90b5-e0bffb5ca3d2,Troy Lane
19be29d0-737a-4bbc-8ae0-8ba9e63165b4,Wyatt Bates
0844049c-d9f2-4d0d-a266-ac38302db6b7,Cheryl Robinson
18529595-80df-4fa5-9f4f-2780de1751b3,Christina Rollins
e4b51b07-f4a9-4beb-b060-32def2be95d2,Katelyn Alexander
01cc25db-ebf4-425d-92b0-ea67fe9a789a,Leonard Jackson
3d4ace04-130f-434c-9d2f-e521eeae3f78,Michael Briggs
6076cce8-dad0-436c-b4f8-bb0ea5714a4b,Benjamin Bell
f5ddeb8d-3b28-4eab-bad6-7e595f3b9010,Martin Cook
1d0820d5-f547-421f-a6d2-175d44d3251a,Jennifer Richardson
a26c9542-721e-4a4b-8faa-991b8dbe9ffa,Sarah Smith
f06a2615-36e0-401a-9101-be752cb6153a,Kimberly Wood
d2290668-6631-4138-bf6d-0d470a444a61,Amanda Fowler
a8e2d2ce-acce-4f02-82ab-b02a104d0ef7,Robert Everett
b5743086-3abb-4564-a236-92a3fafa8d77,Brandon Lopez
8e2d2e07-0626-4f92-a594-e5c9966653d2,Katherine Martinez
2045ad07-359e-4a1c-bbf8-64589478db23,Thomas Armstrong
a3306494-5e49-4669-ae75-b73df85bbb2a,Stephanie Castillo
102b61dc-8142-4cc4-9ad9-a8e7a15428b5,Terry Simpson
14a3558d-09fe-409f-ba09-13f1eac8c65b,Melissa Nelson
038c8d24-512e-497e-8d8a-6e7c6e2f5d28,Carrie Johnson
55eea5a2-3c48-4651-a2ee-ce50f55fa329,Sarah Smith
387f9825-fc0d-4234-b1be-22a7d2fc495e,Heidi Miller
8c9db2d1-2ced-4a30-9fb6-167e9facc232,Aaron Smith
9a02ae72-9b81-4a97-8b77-0f5048dbf5db,Robert Patel
94495e09-8364-45ba-9d01-f81d92c7b168,Angela Clark
8775b43e-ab3a-4594-85a9-36777381b905,Patricia Collins
ca99a4d9-2de9-4f66-af88-7d0f422eb1ef,Mr. Christopher Price
0c5ebd7f-0876-4807-85fd-fbf23035e83a,Thomas Valencia
25ae2010-9de3-440b-8736-6e6837d380e1,Gene Frazier
62e7f665-196d-4bbf-aaaa-5366457e81ff,David Reed
64015b59-c8b1-46bc-9a2b-551b0ee8f867,Teresa Summers
0eaea9de-e2a5-4527-be62-6868aaff7b24,Zachary Turner
588a0106-8c50-4554-ab0a-f7ab30983365,Jasmine Knight
2b266d7d-5c3d-4b17-9eae-f717e9bc4bf1,Jason Beasley
4d7e2bb7-c1fe-4db8-bf8b-bab4311165f6,Michelle Barnett
e186fbbc-1ca1-45c6-824a-8eb87a97ea10,Carolyn Ramos
915f278a-32a0-4447-820c-7ec475038181,Denise Stone
216d859a-4907-4ff6-b582-a8d965998c32,Emily Butler
9a5dfa72-8415-4d1a-a0d2-26a03a7eb402,Robert Carter
70474e4a-37e8-4499-859b-446d576dcc77,Lori Hall
04702c59-d76c-465c-b4d8-0d413dc7f15a,Michael Harrington
d22658ac-9ab9-426c-93f9-8d062e6fd8ca,Jessica Cole
3954d740-c1d2-4d13-8aac-1d05db98073a,Devin Cabrera
4d3bd4ca-5a9a-41d3-ba1a-6685ff722f2a,Amy Johnson
0a89a297-642b-4d4e-a5a7-55fbaeee2e68,Adam Carroll
8365e9ca-5fe2-4bf1-bff7-25bb12d09835,Howard Copeland
b143981c-82ba-42be-acc7-00ccc53999c9,Desiree Scott
60041c0c-23e8-4d08-9ee1-3bebae1158c5,Jacob Brown
36a01100-b912-4a78-909f-774c2d851967,Maria Macdonald
507354c4-7816-4661-a251-4de793f04106,Theresa Barrett
92616c53-5d40-4e06-9810-bcddb4b6d1a8,Ryan Wallace
7165cabb-9a48-436b-a800-c1ece2b2bcdf,Donna Collins
f06f206b-44e1-4046-9806-a8566c024a20,Charles Carpenter
fbe963e4-fa7f-48d8-824f-0292233794d6,Jean Adams
dba50c12-6daa-4b76-a819-29cef0e93cd8,Erin Murphy
625a31fb-5ab3-458d-a7c0-97b2e2712fd8,Denise Clarke
c286770e-0dfa-4a43-b7fe-2e9da3332ba9,Barry Maxwell
ea80002b-2e4f-458a-9b31-1022e93a4fea,Madeline Smith
a216f08e-67b3-4c1a-b5bf-34f657ed9a64,Shane Cole
d2d353d3-2765-4e3e-98f1-f56b256d244f,Emily Perry
5a4de7cc-8745-4846-a65e-da1a34e39a4e,Jill Johnson
3aa97ad5-c103-4dc0-9f9d-be96c38f7a06,Paula Craig
e79e44ba-bfc9-4f21-977a-5695de14e259,Larry Roberts
dec6ab84-6182-4b9a-a580-d4e85468d589,Sharon Johnson
cc2d54c0-f2d0-4a2a-b9de-220ea0a4709b,Adam Roberts
d46a4534-cfa2-43f0-a6e5-ed3777a0ea36,Sean Barnes
69a7fc9b-2665-4429-a0c4-faec4a4ef0de,Carolyn Bishop
4c3a4579-b135-4566-962e-e7254f40a21e,Brandy Joseph
2df8018c-5eaf-4933-ab2b-28bdb1418253,Brendan Atkins
227ff327-b8f2-4c8e-9296-d76057aaee3b,Melissa Vasquez
2faa7772-e716-42d6-88ad-f89d9d863e1e,David Alvarez
c5193a39-8d54-4eaf-b20f-e753f9bc7121,Erin King
228a03bf-c225-480c-a568-3eac8f53fd91,Christine Morrison
f16267f3-4db4-42b0-beb8-10ca74e8aa21,Mark Jones
43d4a9af-11f3-4b81-bbc7-60a1d540be41,Gerald Figueroa
df85b23d-7bf3-4bd6-b3c2-b5049fcb9776,Nathan Cox
9cf17e41-81e7-4dbc-b8eb-7e580cdf5d72,Kathy Thompson
aacf8bdd-e092-4d35-932b-aa77aba326c9,Gina Porter
86fafb02-f634-4ab2-a11d-fdad941d1d7d,Stephen Hughes
190291a1-5fc7-46eb-99dd-1b4c5792864b,Kyle Logan
3f91cc2f-e1cc-4ed9-b734-6c54d35ec209,Sharon Hardy
a5dc7234-2988-4b8f-aa0d-7bb59ef4615d,Carla Murphy
bbfdea82-b76b-45d5-bf64-c665431d335f,Jonathon Williams
d954a82f-9f9c-48ff-bf87-0fa190455e3d,Sabrina Hall
4dbdf6d3-bd80-41cd-9c67-f1945b31bd4e,Benjamin Johnson PhD
69c35ccb-6026-4745-bea3-86da4b39784d,Gregory Dennis
8f1c25e1-c896-4d4f-96c5-e54386e35e23,Christopher Williams
82c74638-cebc-4a39-af5a-8173de114b16,Carl Tapia
6cb92fbd-660d-476c-8333-beb3676c6438,Carmen Arnold
4dedfc70-a390-42ad-983d-ca367d1abac1,Lisa Palmer
1b653617-753b-49fe-a6b7-f6be0b76ee8a,Michael Jones
3ccbe0e3-a57a-4b30-8316-1e15c56e1039,Jorge Ellis
870b7fd6-0757-4ea8-b6b1-2591024ddba6,Joseph Brown
bea611d4-6ed2-439d-9caa-7cc623b7b435,Ian Tapia
0bd76269-357b-4477-9516-afb8079f6490,Dana Simpson
35774f3e-0514-403d-9e62-91a54b351ca7,Savannah Nelson
b627245a-c30b-47ac-b5ed-83bbc75d77ed,Sarah Franklin
45faf5c2-58a3-4d08-9d85-61b25305adbc,Christina Lane
253a44fd-408b-4646-a809-3b24bcc0e34b,Matthew Love
1ffa90e6-3666-44ed-aa37-2c35ee2b2d1d,Amanda Vance
a7fab7ef-be91-41f9-ab41-0aab9010ac51,Richard Li
d0d9cac0-ad0f-44a6-a364-8f3a082f4079,Steven Hall
b369234e-23f7-4fbf-b6e7-407144e83615,William Hodge
b17c1fed-ab07-43af-bdca-5556a7cbb2f0,Steven Wood
87455c4e-01b5-48c7-80b5-efe7877de535,Dr. Lori Nelson
c0b3b21e-977a-4c6f-9485-0c3461d9369f,Elizabeth Hobbs
df436783-be75-4e17-bc3d-ae66b8270ff1,Nicholas Jones
afdc81cd-e5d9-4645-8fc7-d7cfe93b27f6,Megan Baker
4ab426aa-33b3-44bb-a76e-01b44694490e,Dorothy Arnold MD
803af80b-4410-4118-a98d-96869c274508,Christopher Owens
dff828e5-3e96-47fb-b3a9-37f278aff1e6,Shannon Yoder
7edcd002-67b2-4402-b322-22c55eb14d15,Jim Moon
06f4cc4f-2065-4bb1-bdff-2c26cdb43ed0,Dylan Smith
f92f58f8-faff-4b08-bb93-6be482dbef79,Ashley Washington MD
a98941c5-a21f-4785-9f19-cd6c100758f9,Rodney Brandt
f8589255-fbc9-4788-86a6-9fdf8d39e023,Heidi Smith
1c3c7fc0-d148-4150-902e-ce09ed5c5b0e,Maria Garcia
6a07f462-e33c-4467-8ba7-708a0a0fa56c,Wendy Sanchez
da55b195-f263-453d-ae3f-c7c2485f5d00,Amy Hall
b1e6a64c-2b5d-4a5f-ba57-ab7a88f6d3bf,Diane Haney
ce28e4c4-6f80-4d82-b897-19725a5a0726,Nicholas Gray
e25462e1-da7b-4b0d-9e54-beabe70ddddc,Douglas Brown
26ceed68-d68a-45cc-bf8a-30b7b45e4a20,Brittany Morales
8d5511fc-011d-4e8d-ab3e-bdab23f4650e,Henry Flores
c6066bb6-8f1e-4529-89ae-5297e05866ba,Sydney Eaton
fa4a8ceb-3873-44a7-82fa-f243de0209da,Kimberly Morris
0384f289-42b6-428e-8410-b7184aa0b618,James Mitchell
30fc827e-95f4-4d6a-b13e-55173ef0db3d,Jeffrey White
3993fc7b-1f90-4a93-8427-2f542e96b60d,Billy Burton
683d1592-431a-44ae-9313-ca9ef86c90c3,Courtney Evans
e0f0269d-477e-4e30-a8f9-3835a1e0a813,Robert Mitchell
e4d282e2-f567-40b2-865e-36e9c9fd233f,Tamara Odonnell
934e60b7-454a-4f57-b284-7af0e13dbc88,Paul Black
fc647f19-958b-43f3-87b3-6b5a3fc081b3,Ellen Jordan
07315ed4-1c54-4ae4-beb1-0381395279cf,Kevin Mcguire
dab91cb3-8a42-478a-9e30-9e75e23a2819,Tyrone Williams
74112658-c9e0-4afa-81b1-1325c22b9655,Samuel Vincent
7939d49b-8879-4db6-a0e9-7a6687b7b6c4,Lisa Lee
07be2a2d-90e6-4480-8583-815029c4d03d,Kimberly Johnson
52f8148b-de42-42f7-9b6c-94eadb9458b4,Gabriella Choi
077c3645-ab9e-4c4f-b781-98c3bf130ad0,Jonathan Herman
bf0662f5-f36a-4fbd-ab81-9a8c166c6522,Dawn Thomas
d624642c-2a42-4632-ae99-2e53d6d9a3db,Ashley Lewis
f23831f3-67e3-447a-b6d9-606b1a12597d,Trevor Bell DDS
ad6e5972-1c4d-43db-b5c3-0709c8e0a24e,Maria Phillips
487ccf65-25d2-40bb-a932-7592c09ce694,Rebecca Flores
d6bc0bdd-ff69-4bb2-bc7a-3d743233b4f2,Joanna Jacobs
fcdf6324-f4b5-4a4f-906a-494ba752e386,Jill Smith
594c8b1a-174b-404e-9727-d8fabaceb8ac,Jennifer Davis
ea88c01e-1bfe-41e1-b26f-34bafa945396,Adam Barrett
f0896897-bd4a-43e8-b0eb-df4078ee38fd,Anthony Allen
c3892115-ba0b-449a-a573-3820c0fcb77a,Daniel Wagner
23ae1571-42cf-4a63-a6e5-fa582ea10f02,Jerome Martin
6257cef4-3a1d-4062-8f39-9647e688bfd0,Justin Miller
0d92ca55-f5a5-4b54-a7ae-cf0fc8072966,Marcus Wood
d45f3c61-896d-40fd-ab8c-471c8576a15c,Susan Hernandez
d2d979f9-00c7-4025-ad67-02f0051396d4,Wanda Osborne
57278c87-10a9-4d79-aea7-d6b2f0ca41f7,Savannah Murphy
24d8c5de-3727-40ae-834f-92d6e0529766,Joseph Heath
b8bf18dd-8fe7-4e16-8101-4e8c2823e298,Matthew Morgan
d2317ce9-4edb-497e-be5e-e0a120078095,Kathleen Fischer
92457adb-1b39-4acd-821b-336051c5ea7d,Hannah Ross
e5479df3-0419-453b-a381-e114b6ca8b63,Gerald Castillo
50eab990-6903-46f0-8ea4-bdbc4cb71e06,Theresa Pennington
94ce0c87-56f8-458d-9df4-25802ed09fd7,Jeffrey Joyce
66084aa2-ec28-4321-a501-a16b4283714c,Caroline Lucas
a4a925d6-f7ea-4faa-b0e6-f49fcb56e9a2,Natalie Johnson
e9fc7328-088d-4df6-b57a-679f0adb2853,John Evans
d622c069-5f96-4cb4-ab57-4570d589f928,Ashley Sullivan
31fcb2f3-c574-41c5-b2c7-6e4ab3ad0325,Jeffrey Ball
334ea6f2-d8de-4380-865c-2a0093630184,Linda Snow
8872b42d-ff8b-4d6f-91ef-241e36a7833f,Thomas Watkins
29852390-ebcf-42c2-b4d3-8032ef3c1889,Samantha Humphrey
80030439-e945-4e08-a26f-f8886174415d,William Parker
4e8b1c52-efbc-434b-b283-101aa2252c41,Stephanie Price
a98bdd83-c56a-432f-80fe-8e5fd455a8aa,Holly Harvey
c0255a85-58ff-4174-94df-497c26d6e9a3,Dave Murphy
117e6ab4-2abc-464d-b97b-213639d58cc1,Jason Krueger
f2407079-377e-41a2-8a87-3001ad4ca9f2,Cole Kelly
b62968f7-47bb-46a9-a718-713fbd7477a5,Cynthia Thomas
1d5e017a-f180-4742-b761-11cfcc39a7fe,Adam Murray
b635ce81-8590-4d01-9892-5e47c9a0d288,Jason Ashley
5d470bd1-7799-4b4c-9255-f438c590c4c5,Sandra Crawford
b5dba017-8c48-4c08-a2ab-501618dd5843,Shari Mills
f4643d06-ab2a-431a-b60c-470e9903986a,Daniel Davis
c9885041-b2f0-4707-b773-017110a4294b,Samantha Miller
c08774fc-9caf-45e1-93d6-0f0cf2c60f3d,Charles Romero
9a56eaee-07cd-437b-842a-e29f7dd8c1a8,Melissa Larsen
0298a345-8cb6-481d-b7c1-266f6f3c1773,Mary Martin
cc73befb-5f0d-47b5-95bf-dd06b5afa251,Sandra Myers
2d526300-0c82-443d-abb9-d622e64665c6,Steven Vaughn
e595625c-1efd-4f21-844e-93ae405a1b7f,Maria Cabrera
30dc26b2-f289-4bdd-bff8-749effe34c44,Richard Myers
d1b7b093-5695-4004-8471-3739e103b238,Matthew Harper
4aaef12d-ac16-419d-b735-dc6f03811281,Brenda Morris
aae618d2-145a-42d8-a415-8e877dce16ed,Dwayne Gilbert
30d9d692-675c-44f9-bd31-8d48d8fbde21,Mitchell Thomas
17f2b287-08b6-42dc-b944-234b48d24a89,Matthew Rowland
42ad891f-4b86-42e5-92a9-fa2b4d153ddf,Christopher Foster
7094b726-4930-43ae-98e9-e04efb19dd50,Cheryl Robinson
670515e2-dfdd-4b43-9b85-b32ef7f4ef47,Stephanie Reyes
3c3ff542-f478-4d4a-8ada-e26fcdc62a84,Ashley Elliott
97c529b6-f7c4-475b-8aee-9522461ce892,Manuel Mooney
8402b500-8c03-4df2-864c-dac2e15672eb,Hailey Galloway
9868d0c4-2209-439f-be4b-64b7cfb42baa,Lisa Roberson
425630e0-81af-4c78-9f3d-c37a4a1c8099,Kim Gallegos
a14bebe8-7699-4375-bb0f-dd77bf5c59af,Jason Henderson
6c887fbb-24ce-42ca-8308-5ebc1fa7f292,Roy Phelps
06bfd380-cb57-467d-9785-49adb38ffd8a,Christina Gonzalez
75663112-1ed5-4f8a-a111-f2fe960159f1,Danielle Griffin
cbbde6f4-8b86-44d7-b581-087b9966f8ac,Michael Hall
b8cc2fa5-058c-4b7e-92cf-39de405bc0e6,Jill Mcknight
5124e490-1bbb-49a3-9809-ccbde1749362,Sarah Miller
afcb6a38-50f7-419e-adb8-4176e9371089,Alejandra White
c9e4a449-fbb5-48a7-b3e4-6b22fedb0665,Brittany Hernandez
803d58c3-e212-4e83-8ad2-a1980d10f72b,Savannah Nguyen
9ab09f7e-f8de-4fc7-b3a8-28ca21695dc2,Brandon Fisher
22d7d4cc-810e-49ae-a293-63bb23d901fb,Brendan Rodriguez
9750cfe3-1f7d-4f53-b24b-fac2e74f7f5a,Scott Ray
3d159881-c5cf-402d-b784-4123834d6727,Cody Vasquez
febff7f8-e1cf-4c49-8a3c-0a20c36979c5,Robert Marsh
ca3d233f-8d07-429f-9713-efd6ad497311,Tiffany Scott
e4111284-755c-4e9c-97f4-e50a120e98cb,Sydney Weiss
c6d91aa0-8b75-4721-841d-a5e7cbee9b36,Aimee Oliver DVM
551ddfa7-370d-47b4-96c1-00bf3165b2c0,Derek Hunter
99b291c2-3ab6-4c0c-ad24-f7bf8bf7dca5,Diane Marshall
ad11420b-5f6c-4bd3-95f1-4acd4a76f097,Michael Walker
1cd98d57-afde-496a-a5ee-0b19af1bbbfb,Walter Richardson
639d6414-c782-4c4f-aa1a-65748fe44a37,Allen Harrison
cbf1a574-9bf1-4b45-b5f1-527d57002a35,David Nguyen
44469054-e920-44a2-be25-8a94bbfdfe25,Walter Allen
7ba5ea38-9183-402a-a451-37b897d55c9b,Ray Jacobs
5db5c8d9-bf64-4a2f-8078-337fa29e9664,Jeffrey Boyd
bb676680-30e9-473b-bf4f-d3904a537660,Kimberly Coleman
bb21191a-0b84-4e8e-90cd-ebb8cc744cde,Christopher Moore
279938f4-e08e-4951-ba90-68b7ebcc3ce7,Rachel Willis
af288b13-5b76-429e-bc80-831c4a35914f,Frank Moore
fea3ec9c-542c-434d-8b02-0c541cf178b6,Mark Guzman
15890e25-7ccd-42ca-a766-7e12790a57bd,Brian Lopez
7e64e680-56fc-4f5d-a042-5061b6a809c3,Natasha Carter
d1bd3f54-2d9c-437c-91ed-c6ad90d36b57,Nicole Bailey
712afaa1-d981-43fb-9af9-7e894391187c,Michael Murray
1b7a2951-4233-4bce-978a-4c2c22c0c991,Chad Garcia
9e6caa8c-d8a7-42c9-9095-fd390f364453,Taylor Hudson
e188de7a-e09d-468d-9871-8cb237786dfb,Shawn Cummings
cf4196fe-fac2-4288-974f-9db6e571a863,Christopher Schwartz
0db9b4f6-b866-4bd5-b90c-b54aacf8b07d,Nicole Johnson
79a81d50-994e-404f-986c-6f3ab0d56475,Chad Willis
bad1b689-aa3f-4de1-af46-d00441d3b06d,Mary Ruiz
267177b7-ba13-419d-a33e-ffef0d1164b1,John Wilson
aa172159-58b8-40b1-bcba-0467dc2b3b44,Dr. Alex Butler MD
65c69710-f7a5-4f6f-9f78-8eb0edc07829,Matthew Roberts
dfc559bb-cab5-41ea-b474-8b734f8409fb,Mr. William Baker
7f41d0f1-503b-4dbd-aba7-40531e21f953,Amy Taylor
74d43cd8-f99c-4ba7-8827-3fe71910cf84,Laura Taylor
6b4ab678-89f8-4701-b010-4f88dde98231,Chelsea Schultz
3b0f4a18-041e-4103-a94f-8d9d05271057,Michael Lyons
52bd0747-d8fa-413f-8b52-a396a2c342c9,Shelby Gonzalez
48b3e473-046d-4abe-989c-c8fa1a652d04,Henry French
038906cd-7354-45de-88f2-0cd727f040e6,Sabrina Brown
9c41eef8-1bc9-472d-a659-5ea635250882,Emily Bishop
4860822b-3001-4771-ba1d-2e8b49b2b9d2,Kelly Miller
26f44ac0-59b1-4fa9-a49e-8551c48551bc,Christian Young
a20225bd-ddbf-4bc1-b076-c04396ac84f2,Sandra Gordon
fbda6132-7549-4f59-b3d3-4c8ed7028aa2,Holly Johnson
abdf6865-d7db-4f86-bdad-4f645c19eca8,Sarah Hatfield
4d120058-6c7f-4d93-a578-19343a2ea31d,George Ortiz
15fde775-8272-46a3-a671-3f9f1b83da72,Michael Schultz
423e0b51-87a8-41c5-9f9e-077638856f39,Timothy Evans
084d2a25-052a-45fe-9da2-09f9e4e1dfe9,Barbara Pearson
7470774d-46ed-463b-933d-e3fa277b0a58,Andrew Serrano
7459dd6c-2258-41ec-ba05-2b6375eb5275,Alexis Mcpherson
d4e4cee7-59f0-4990-a0fa-1a97e3a9743b,David Grant
5a20910f-5367-44b0-b72b-fe893520ee63,Brendan Rodriguez
d65db1ae-133e-41ed-ae7a-e94fabbdffa5,Ashley Patterson
1de413c5-30df-42c3-a142-24d01e1efdbe,Charles Johnson
6ce244f9-4643-4e94-aac1-cde478c9874b,Matthew Carrillo
81a8946a-58df-43b2-bbe9-17845d0bfebb,Larry Ward
c4d04d17-743f-4efe-bd1c-af229d7b2cc8,Terry Obrien
ec61eae6-a042-4cd7-90d5-09cf9e1e6d84,Brandon Alvarado
5c3af5a9-1fdb-461f-9317-f8803372ee03,Joseph Smith
eaee223c-d5fb-4d70-8d32-27c20b6c3086,Janet Jefferson
acc60e52-9857-44bc-890e-8a3374f00799,Ashley Franco
0e2eca82-7e4b-4794-b3d7-1b3a0deabf5e,Deborah Page
cdce192a-8afe-4ca5-a9b7-b55d8ff3a919,Paul Marshall
802a6862-455c-49fb-a521-4d5214e747d2,Joshua Henderson
35a1ab4c-cbf5-4961-9169-d903570bdd12,Roger Carroll
190e630b-8816-4f09-b82f-5c33ccdb2081,Richard Lee
0777e492-a1c4-460c-ab35-8af8623ec38a,Miguel Palmer
6a2bf4af-374a-49cb-b3c1-f78b901020c7,Bradley Shannon
8c8eea20-f7a9-4a80-b7e0-f24ae5b58615,Kenneth Lynch
5738e17e-5b56-47a2-aedc-37db5c5e5953,Nicole Bishop
5aac839f-25d8-4034-9f40-29d3665d51ab,Erica Scott DVM
8e4e73de-312c-445d-9d89-bd43333aeaf0,Steve Blanchard MD
6ba93a08-7f2b-4e38-a0cc-78d3eadb3803,Michael Acosta
ae104de8-bf27-4eb1-8288-3c371f28a926,Vanessa Jones
a45fa986-5190-47cb-be98-b64863f7eefc,Harry Taylor
1ade0230-aa85-49a8-9ff9-a585fd451abd,Pamela Smith
74987d29-5735-406e-9754-00f321777712,Nancy Austin
6c6b2a7f-ef37-4571-844e-a10be0346d33,Rebecca Rodriguez
cc1b2634-b79e-4f83-bf16-4671470c4351,Michael Garcia
daeeddf0-8ec6-498a-a879-817f571eff30,Steven Atkins
870dcb31-dd84-459c-9ab1-7cbc629411cb,Robert Lane
10b1031f-d73f-4053-833a-5b2266acec5c,Christopher Cooper
4b7a380f-a175-48c4-b16b-f1cd3d6e4c1a,Elizabeth Snyder
5da1d5fb-9d9c-4124-9274-7e3ba0d69ecd,Stephanie Thomas
5a821596-bde2-4762-a59f-1a6d2c4c00da,Nicolas Kim
aab52f86-3065-4686-a84a-a0834c98011b,Kathleen Sawyer
f763876e-d7f3-4b17-9f6f-cc696f9d5253,Tyler Henderson
d55cfd00-e879-4ab3-bea0-f5f7983ebcb1,Justin Taylor
8b408787-6621-4d04-b8ea-a0d85ff36e60,Mary Pacheco
b2177761-4473-490f-b5cc-580359f2746c,Blake Matthews
82b485df-1333-4a30-b41c-c1b0b7e67e93,William Robbins
4b076fba-cf7c-42e5-aebf-5205706e86e0,Carrie Mueller
1df2c46a-ec29-49a5-9f2d-1b7d4e34a2b9,Sharon Sutton
f0538a23-979c-49b7-89dc-a5a7815bb27a,Kristen Jacobs
dfbcaab6-da14-4ac7-84c3-c481a7bd695c,Charles Edwards
ebb241d2-67e0-443b-abb4-1b57ae644043,Angela Roberson
7ececc4f-4404-410a-ba9b-ee85abc5d094,Daniel Smith
1b1e2095-36f9-49a2-9642-1ca0bbd4482b,Sandra Norman MD
5da8e05a-85e3-419d-91ff-02ff2aeca16a,James Brennan
e3c37aab-3910-4402-ab8e-0f231e0e8d0a,Victoria Wood
92d5a917-9508-429e-8431-43653ee1e126,Melanie Cervantes
9f1ebe82-95d7-4a6a-aab6-18fc739e30f1,Kimberly Evans
2ccb6c41-b831-4a36-a873-f049ff9c8688,Nicholas Mason
1afbc7a5-a2eb-4d29-8596-1fa204f8424a,Barbara Ward
91602432-46ef-4e92-92ce-148500878ad6,Lindsay Noble
b81ec0df-4d19-4475-a15e-589db6012216,Shawn Stevens
9f12e376-d75a-44b7-b3c2-18b05ca6019c,Luke Bolton
a7feb3eb-006a-4278-8d96-38f3b532a14c,Jeffrey Brandt
23b9f3e4-3c94-464e-a9e3-6df4237ce8aa,Shane Barber
bb2f727d-bb14-4319-8090-3e6ff00b5680,Maria Rivas
f80345d9-ea46-45df-b9f0-6c2ac326c619,Meagan Robinson
62494e31-bc9f-4b7c-ab0c-faa9d59b05c3,Christine Gonzales
11698a70-81e0-486d-8767-601ecaced4e9,Rebecca Thomas
480f163e-99e4-4d11-83b1-ce823c2ba95b,Christina Johnson
71a55dd8-7f6a-4c75-8317-96e349daade1,Gregory Moore
c42aa3b2-3cd7-4646-9f97-4dd4be4b32cf,Brandon Lindsey
6c7c0ba4-01d1-405f-b63e-9287cb3f4016,Peter Green
99eaefa5-2af1-4749-ab8e-2aca3000ac49,Christopher James
499ce5f3-1e6a-4ca6-b975-ceb19caae55c,Carol Christensen
6204c102-544b-4723-8a3d-45299af1e3fd,John Gross
6697d3a7-8c73-4106-99f1-1b0eed0fb85c,Malik Cain
4045af3b-3fba-463f-a3ad-348a626f2fee,Holly Walker
4976c5c0-51ee-4eaf-ae26-e9725ab6f25a,Brandi Douglas
112114a5-bb9d-4cbf-8fb1-2beca8d34df4,Casey Miller
6d39fde0-929b-47f2-8e61-b1115339449d,Richard Richmond
0b2dc06b-98ba-4918-a8e4-0883f55eec74,Jonathan Lewis
8c8e03bd-09d7-4458-ac20-ac3e699e1c38,David Mann
e88a7f37-9f38-47c1-a11a-d43c19e84c4b,Miss Jacqueline Green
e3b7011d-a6ca-4a53-a10a-179f6a75df54,John Farley
79c6e80d-faab-47a1-86ff-5479bbc0825b,Edward Young
d77f0c9d-2db2-4739-ac47-8a9570f8a6f6,Patricia Patterson MD
7450d4bc-d7f3-486a-b7a2-4c1d6f242059,Henry Strickland
c9aa9d85-60bc-4f00-9b66-3a47488d7c4c,Justin Perry
84fc6e31-6e00-4059-837f-d7c6ae137777,Casey Miller
1b1971ef-bb93-4dee-bc01-ec145be3bccc,Brittany Wells
eeaa24bc-0540-4925-b475-1598c1956ec3,Brandi Jackson
4bb6bf3e-6a5b-4934-a9fb-1a295b9486d3,David Thornton
54a5a9f1-20de-4c20-9f65-efa73cb43c1e,Linda Williams
fba08da4-1805-4f8e-8f1a-cc551f214f4d,Samuel Washington
7ce96efd-ed99-4504-bbda-c77f7ea375e7,Michael Davis
31df09ef-abc0-406f-a0fc-c96046648e58,Noah Jones
6e0937e9-2f50-49d1-99c9-90da2d5e44b4,Roberto Hull
89223a24-b0dd-4806-a659-96b65ab73529,Brandy Dean
f7218415-7027-46a1-8cda-62b715f5a63e,Wanda Diaz
752e24a9-4940-4057-8e46-056efd3b2737,Gina Smith
eb73ffcc-1e02-44d1-811c-362c663ac60a,Patricia Joyce
0342a31d-90e9-490b-a48a-45b9efba6241,David English
96678884-6478-4b70-b9b8-2b8fd4d9b92f,Gregory Rodgers
09458493-a1dc-449a-8db2-7c07a5b6f266,Brian Brown
2d5b3fdf-d349-4d34-8388-525022c47bca,Kathleen Hudson
0e2313ac-47b7-4976-afb0-f72af86d9c7c,Paige Gonzales
1675792d-5f04-4e77-9bcf-058235bef9ee,Mary Alvarado
b1df6761-d768-4e7e-b6b7-07da04d2db79,Gloria Huynh
ee82c877-22be-4c2b-b28e-534fe899edd5,Ashley Anderson
48f37182-ecc6-4e3a-98c9-56fd63577eb0,Norman Martin
96742277-3f4a-40f8-8571-7b22cb0445cd,Cody Perez
bf5ce1d9-09bd-4a74-9574-8ed4cf068271,Valerie Russo
fb1bc380-abda-40c9-95e0-e9d2246243cf,Anthony White
dc0689bc-f132-49b1-ad43-caa798878b4a,Matthew Williams
9f578fc7-e6e1-43a0-bc25-aab4b9e862cc,Carrie Russell MD
cea33da3-4df8-450d-ad0a-cbca958ee66e,Margaret Roberts
6fb7e748-aef2-4c2c-89bd-a70fbbc92c81,Lisa Aguirre
48e2686a-c743-46b8-8d90-83e1fb1f699d,Daisy Johnson
bff89c4f-6d3a-426b-afb5-76130543d55e,Mr. Roger Johnson
d891eaef-46eb-4d3e-b9e6-b85de0e60086,Veronica Farmer
55e32d4f-6850-4a24-a8b4-90824d45833c,John Drake
2f00fab8-89a1-4cb5-9d18-a7ac8ad7e65d,Jeffrey Franklin
83b7bc48-bfc0-4032-9fc7-a3e9358a9825,Matthew Reynolds
b8a5bcc2-8785-4466-be41-9176b773becd,Keith Burgess
f898893a-6b7b-4e3d-a8c8-0f91b320ad2f,Bryan Bell
9e47337e-cf7f-4110-91f1-90bb61e788cb,Renee Clark
ff3a88b6-f56f-44d6-9d22-cec9906b2b1d,Kimberly Gregory
88687778-a786-4118-8a37-5053c195b757,Veronica Buckley
01160522-5572-42df-8446-2baccd96988c,Aimee Kennedy
e0cd7de7-0b1d-4a24-a687-2a052126f836,Kyle Saunders
4c422545-b387-4f14-9bd9-1368cbdc4ea7,John Jones
3dfa9860-3241-4671-9fc4-9088992b2d6c,Christine Harvey
82c2c3a8-68f3-49e1-9fad-edeb67fa0597,Robert Anthony
2c1f3336-b6c7-4f41-98e9-a32747022b73,Johnny Ward
4f84ce7c-a5ce-46a5-9f37-cf4adce9caa4,Wendy Bowman
59bc4bf3-ccc7-4474-8227-b6afe18b190a,Gina Bradshaw
84c4765e-1fef-41de-b975-eb7fb74f02fc,Logan Livingston
fa53daea-6163-4c9d-8994-635fc5f2233f,Brandon Duffy
9ddf3f6e-51e0-47a5-bbca-86708dbb0547,Karen Garza
60c818d1-18a9-4904-8349-ede7630eb943,Glenn Lee
3fe7e4fc-2f2d-4579-88c8-83b0a26435d8,Kevin Farmer
6bc075c0-265b-41f9-9b62-89777e1f841d,Melissa Pearson
af04639f-e242-4be8-81f4-829fa1d71264,Heather Henderson
d3b7a452-760e-4696-9d7c-585f163181cc,Kathryn Mendoza
3166d8ec-3962-4287-ab32-0d607e9a9b75,Lawrence Clark
23fa1613-4230-4eb0-be48-3a33e218947a,Brian Porter
8f35283d-6e93-4032-b08f-33ff4b8a1c4d,Natasha Thompson
56a25c9a-9d52-4863-8abd-aed105469bb6,Alison Benitez
400216c1-99cb-4cec-8505-fbe77a6a59f2,Jerry Wilkins
ea543a56-e6f3-44d6-bb24-1f1fe5872074,Russell Hutchinson
c0940b62-61c9-4e63-b5a4-3b00d28e37a8,Sally Olson
73d9f2ce-30a8-434c-b2ef-a2a67f2e82b4,Haley Obrien
6331451d-237a-416f-a51b-ce1ad57e56e1,Miguel Evans
53a136df-af24-456e-8cf0-6aaa69b3f700,Christine Brown
a57b1794-0789-4d0b-8fa8-bedec67d1a2e,Sara Martin
c6324f61-6a6b-4468-afa7-4321079f2542,Thomas Fernandez
1023490b-8a6b-4bd0-8290-8ddd6e6dea97,Clayton Brown
82b14fe2-1e4d-44e0-abe6-7b6a912de40b,Christopher Robinson
66af50d8-b4de-494d-bf41-2b27c06fcec4,Michelle Roberts
5671e8e8-f29e-44f6-8b8e-0495ba97449f,Jeffrey Woods
40105d70-9153-439d-8bae-fcc957d84ed6,Karen Sanchez
b1853ece-f0a9-4b56-9a27-57719a7e59d3,Laurie Ortega
7394aa2e-1508-41ed-b49d-959c4cb32ce3,James Lane
172d04e1-8c5b-4cb3-a0f6-179cb7c4ffbb,Christopher Torres
99467aeb-ad65-4ef7-b96c-9ac73dc1662e,Mrs. Ana Garrett
014f95d6-d0b8-4405-8a0b-90063992aa91,Erin Chavez
5ea1eb84-068e-42e5-835f-1ea7bc858300,Steven Huang
0ed65cf1-5d20-4c98-9198-71a5a8876f1b,Jennifer Manning
657ff6c1-2f4c-402d-b679-cac83836eb17,James Mitchell
3392b6bb-9c16-4393-834f-078e81c9f49c,Jennifer Patterson
264aeb7a-bc56-4dd6-8a12-cb3e2d82c744,John Golden
f6114e6c-f052-43d2-9472-f58065b3e98a,Ronnie Hammond
f88de580-17bc-4ce8-9414-db593fe77f78,Matthew Jackson
69e31c38-5b97-4025-8afe-c37c1adf8594,Natasha Montoya
8af57b59-9aa0-472c-aad0-159123ac9aff,Christine Mendoza
7819e883-3a89-4d2c-b3d0-657ec39074be,Pamela Davis
7c733e63-6a95-4aee-8d4c-b975e7ee3447,Taylor White
01f1dd93-33ec-4168-ac11-4c858521ced8,Vanessa Sanders
064697ae-0939-4fa3-889c-aef1407cb33e,David Foster
94319aa5-36c3-484d-bda2-f7dd22156ec2,Omar Reeves
a2374e96-c799-428f-9816-b4fd81e544e0,Andrew Cohen
8b520e6a-5cdb-451f-81f3-0db5ce5354ca,Regina Chen
5fe3865a-7ade-4303-a428-d1c82a18cb17,Martha Johnson
715bf738-9fca-4a80-bc4d-f4b823ea8164,Brian Ford
406c839d-6732-41c6-bab3-e4db8f267ca5,Jeanne Morrison
3f5de39e-ee9c-49bc-b96a-ffe63c34e7f9,Kevin Tucker
0b0e027f-0983-4815-a9d2-aa79bcfbf90a,Natalie Hatfield
77eded2b-fb22-4709-ab81-78c86dd1515a,Pamela Lane
0d8cbfea-82ef-48a0-b141-e1a2512d6f50,Jasmine Peterson
8c7ac8b9-e0be-443d-b26b-eab9c45020fb,Ann Sanchez
ff84b5de-e5a1-4b6a-b78d-6769091646d5,William Garrett
a8f0f493-83f0-465a-b86a-556a2e1c8a76,Alan Cruz
1b0b766b-dba8-4fcb-b9b9-45a3e5c1a7a4,James Calderon
5dd0a035-124c-46a2-8f7f-0af59a6f176b,Sabrina Black
418cdeb3-2685-47a4-b1f4-6520072df7f2,Thomas Horne
6f93a4ed-b436-46e3-848c-2138679a0e61,Michael Harper
2f279623-5328-4a30-80b3-6abb3a58542f,Megan Johnston
56130764-4ab8-41ac-aa38-ee225895d5f6,Kevin Arroyo
9795c60a-455d-4cee-8352-e9666276d140,Carl Dorsey
914c1390-3fca-4dd9-886e-451936b24cb1,Kelli Nash
8f74c4b2-90b3-48e3-948a-a99e418c35ee,Eddie Glass
1309b797-4efe-463c-ad2e-29830bdab73d,Janice Brown
62f3d686-2edd-4504-8db5-0cc4f1c63257,Michael Flores
c17e2da7-441d-4433-8059-0851477d0c71,Thomas Williams
47db1b16-74c0-443b-b44c-41e9b5cbae7b,Wendy Ramirez
4ab45087-4714-4fba-9c2f-5d417440883a,Alexandra Colon
980a065f-9686-4dab-8546-4222c0b1441e,Lee Hill
94ad38b8-6b23-4d17-a3b1-3ecf7df9f79d,Nicholas Benson
b2794ed5-b777-49fc-9032-85c301aac847,Chelsea Blackburn
e63a88aa-1e46-40de-81fe-0235ed0322cd,Caroline Miller
6a2fa6cf-9a82-4874-92a6-53f3616ebe14,Tiffany Bass
e5ea30d0-d498-47d9-9d2a-29f2129fca36,Kimberly Barnes
2bec9e01-8bdc-41ae-94da-90486e5c3e22,Rhonda Bowen
495ed3f9-07c5-4e8e-8972-27c4f6d46b57,Ronnie Knight
280de44b-5766-4404-ac79-19302a268cb9,Mary Deleon
20dd10af-d7df-4582-8f48-ce9196c8968f,Mrs. Stephanie Riley
81cd729f-be5b-46a4-af37-77f683f58e89,Valerie Parsons
942a3c69-e88b-4931-83e5-f44ea9b947c6,Tammy Patel
2f070376-5308-4c00-ae3f-464a171eba56,Laura Jones
55630231-c675-4cfd-907c-a51aefc704b8,Michelle Patterson
3ee865d2-fd69-4056-8f63-67b854999645,Brandy Mcdonald
962a4285-c37c-4029-a754-fe0af65e7c2d,Megan Jones
b33ccb1c-251e-4d5f-a322-e5faf89e545e,Jacob Lloyd
b87ee2a3-c957-45b4-9863-8e40e1c9f961,Dana Moore
fc56ce97-7559-4f63-b798-3a96ef284ca9,Vanessa Hernandez
a8210a2e-795a-4c75-896b-74c26587a966,Matthew Grant
a621d098-8385-4798-81cf-5abda6575167,Tony Murphy
41cc9d11-8884-4f88-a431-94cba091ecfa,Misty Robinson
271c0f18-6fe2-4b5b-a9fb-aa6f600ef53b,Paula Garcia
ccfc4956-d906-40ff-a3e2-4c19812b209c,Ray Mitchell
b0ff19ad-5d20-4367-b538-b2b1884732bd,Melissa Allen
7f628d3c-e9fa-4b12-b418-e78c93e48ad3,Leah Miller
66f92407-e2bb-4ad5-8673-0846ff996a35,Katherine Lutz
7c4f6eb1-3bd7-42d8-a580-8cf3f0010560,Douglas Vasquez
87d1d51a-f45b-4e17-999e-314294c195b7,Gregory Glenn
69c2ea49-4ba3-44d2-8f5b-9fde7ddd84cb,Ricky Lawson
aeae6b08-9a0d-43c7-887a-b892d166b898,Stephanie Adams MD
7cab97e5-40ec-4376-8d05-6d5f1adfc93e,Benjamin Jackson
ccca2149-0afb-4390-8420-76501de8b178,Jamie Howard
db024d42-0ac0-47cf-918f-972993f1e138,Michael Meza
dcdf505f-844f-4a34-9a36-69219b4578cd,Jason Gibbs
a819832e-794d-4813-8215-b80d5e73cad8,Joseph Murray
c6dd046a-60ba-4c65-b99e-ac6979f6e92e,William Wang
1cdb2df9-fc59-4e1f-9ed6-77a4bd1b281f,Timothy Ferguson
c3cdb819-9e89-4f50-9772-190e9fdf8526,Linda Thompson
cdb5c7b1-a578-43ae-8c9c-7f42666ff56b,Shaun Berry
3a47986f-54d0-4db4-bd57-118e15bdd28f,John Williams
174d393a-56b8-4637-a4af-eadf4415d921,Kathryn King
216cfe24-c328-469a-b85b-eaaec3edbc54,Debra Hall
51a5ff41-84e8-4deb-9e2c-5c76903d1c6e,Thomas Burnett
f4a14904-096f-444d-9714-568f4e03f35f,Jeffrey Durham
ba7d3e6f-4c26-4e60-8dd5-1e539defc052,Christopher Smith
6a18ffe7-cbdc-40d3-9101-547c5e36c2b1,Mr. Robert Wilson MD
d09ff109-cb0c-46e7-9d04-f980c9c7f420,Jill Barrett
86663c69-9e39-486f-97f6-d96e66385e28,Melissa Gonzales
e101a854-9c60-4571-9280-c52a67f87cfb,Joshua Buckley
6c22e489-866b-470c-8e85-3976c986954f,Gina Kim
cf316837-75ef-4645-9ece-286a6b98c1c4,Kathleen Rivera
77799283-ee11-4491-a32e-6e383a831710,Jessica Brown
5ad1acd2-6401-4e2c-8201-e9d118c610af,Rhonda Watkins
772a7bbe-8788-4670-acdf-568f5321e0be,Joanna Hodges
4fe409a1-abd0-453d-9892-e1bb47e80e98,Amber Clark
f89e336a-12fe-46ab-94aa-35cddc499245,Julia Baker
73db5213-0bf0-47fc-ae59-f6fac2d2823e,Gregory Rush
a90e98f2-1cea-4cb1-a63a-e68c16d46959,Sarah Robertson
3041c4cb-c140-4248-b2a3-2213c12149bb,Whitney Salazar
e681815e-f944-46e6-a13a-264ff204ee56,Emily Farrell
a398739d-b5c7-41dd-9453-2fc5ebed8c49,Sharon George
a74e5df6-e24e-4ccf-b32e-cfda90b53328,Brandon Lang
310aae3a-03b4-4d4c-9866-b43e26d0d464,Carlos Lynch
25913c7a-f399-43bc-82da-abf54399b73b,Jonathan Bennett
d8775984-41ea-4dd5-96a3-5a6c2ce5ca25,Gregory Werner
71a07bb7-ffb9-4c4e-96d7-65ec0bc2eb24,Brandon Perez
72448ba4-c5aa-4f3f-b7e2-1d0dc55b5e12,Mr. Alfred Reynolds
6d8d4c20-0ffe-44b1-a971-67bc5a37de74,Patricia Williamson
ec1c95c1-e293-41c7-bf28-c855e9f57487,Laura Mccarthy
6ca41950-e41f-4faa-8057-e912d5f0d036,Jessica Lynch
b1911661-00ed-4007-92ca-9df89c4e9331,Jamie Hughes
79264872-b0a3-4282-85a5-d88a0bc1cf9d,Taylor Smith
32435443-9b58-4f1f-a090-daa15bd92d43,Steven Escobar
16cebf84-cf13-4589-bd5c-4233c0c218cb,Kathy Thomas
00db3cf7-d5e9-4dc4-8dc9-2bdfd867bc83,Michael Vaughan
d040f4ca-d860-47c3-b21c-02fb073c5439,Cheryl Atkinson
0dcbd1e9-f147-4bc7-9314-4d402346d799,Garrett Sutton
231e2c65-f9bc-49db-aa4f-8a90a2bc8671,Ryan Lewis
783aaa80-34c4-412a-9998-50840f1d5247,Molly Kent
400eea2a-0370-4a30-9e42-e20a2c58c4c7,Joseph Sanchez
31c63884-ffbf-43ec-a9dd-f23577baeea0,Shawn Burnett
eeb515cb-aed3-4962-b827-139b45fa4e67,Joshua Ortiz
8bc45843-887a-467b-8969-80c1069f385c,Stanley Crawford
5027034f-a36a-4b8e-aa5d-4ead4e197184,Jason Richards
e761dd93-b63a-4333-990f-2625077de66b,Anthony Ramsey
5c4ff17a-d173-4826-9d94-5793773ed78a,Gregory Anderson
c814d3dc-dc77-45dd-b7e0-2421e3727168,Carl May
6cfd1ff4-ab40-4a9f-9dcf-cc1cb887937b,Christina Terry
d2af7352-7816-4834-87a1-f867a52e1aba,Mary Ryan
d433859d-4f83-471c-9bb5-4f65ae770476,Brent Barber
07392e1d-1050-419e-a64f-459909f9a85e,Edward Mclaughlin
bed3e220-955b-4241-8325-288ca109f69a,Kevin Evans
e02d86e4-beb3-412d-93dd-8b0b3993aadd,Gregory Good
b2f90124-f0c0-4f53-a944-b3d4737c7fd3,Katherine Berger
18a12dd1-8779-49a1-b963-e818c407c604,Cassandra Torres
a4350758-eb42-4b49-aabc-b2a28fec171e,Ashley Meyer
db7e7102-40cc-4100-b264-6125ab517686,Rebecca Warren
6f13e751-31bd-4b0b-a079-3b902a1d5906,Marvin Kramer
1f7d00f1-f6ea-4610-a286-1e43d358d8dd,Andrew Stewart
b26b77f8-04d9-4360-8b4b-44cc14b294c7,Douglas Burgess
096b5832-0334-4a91-973f-cc067baf41ef,William Trujillo
eed94261-66bc-40df-b14b-573fb84171f2,Michael Hensley
03ea655c-fea1-49b8-a8ab-c7cd4ea78659,Courtney Lee
9b402305-eac2-4de3-9950-dde504fea7aa,Rhonda Ward
4c7c0453-3622-4b2e-abde-653e24b598f3,Krystal Mason
27acbe82-df9b-4c2f-afde-3cf6da9ab281,Tracy Powell
ff119fad-2c27-4624-b75a-62c381f679be,Jessica Best
f76068fc-e0c9-45e4-9d70-85c4b9d5bf4e,Julie Wyatt
2b009d15-e683-437e-a1e8-c775f8654c08,Melissa Webb
c780fff6-0c2c-4c60-866e-10c2a2fe7b1c,Scott Webb
943d1ede-3563-4b5c-9cd5-4b908eb65f48,Ashley Smith
a42a9a3c-b65f-4d5e-9e19-1141e3940c49,Kimberly Jackson
4947205c-5551-4d3d-b1ae-274e18df0e86,Jason Clay
0558e7ae-e221-4a36-a823-5b9147a10145,Ashley Mcdaniel
2b2a6458-5194-4fb8-8a9e-87b674d26630,David Garza
